/*
Navicat MySQL Data Transfer

Source Server         : localhost
Source Server Version : 50528
Source Host           : localhost:3306
Source Database       : renren_fast

Target Server Type    : MYSQL
Target Server Version : 50528
File Encoding         : 65001

Date: 2018-03-06 16:08:14
*/

SET FOREIGN_KEY_CHECKS=0;

-- ----------------------------
-- Table structure for `qrtz_blob_triggers`
-- ----------------------------
DROP TABLE IF EXISTS `qrtz_blob_triggers`;
CREATE TABLE `qrtz_blob_triggers` (
  `SCHED_NAME` varchar(120) NOT NULL,
  `TRIGGER_NAME` varchar(200) NOT NULL,
  `TRIGGER_GROUP` varchar(200) NOT NULL,
  `BLOB_DATA` blob,
  PRIMARY KEY (`SCHED_NAME`,`TRIGGER_NAME`,`TRIGGER_GROUP`),
  KEY `SCHED_NAME` (`SCHED_NAME`,`TRIGGER_NAME`,`TRIGGER_GROUP`),
  CONSTRAINT `qrtz_blob_triggers_ibfk_1` FOREIGN KEY (`SCHED_NAME`, `TRIGGER_NAME`, `TRIGGER_GROUP`) REFERENCES `qrtz_triggers` (`SCHED_NAME`, `TRIGGER_NAME`, `TRIGGER_GROUP`)
) ENGINE=InnoDB DEFAULT CHARSET=utf8;

-- ----------------------------
-- Records of qrtz_blob_triggers
-- ----------------------------

-- ----------------------------
-- Table structure for `qrtz_calendars`
-- ----------------------------
DROP TABLE IF EXISTS `qrtz_calendars`;
CREATE TABLE `qrtz_calendars` (
  `SCHED_NAME` varchar(120) NOT NULL,
  `CALENDAR_NAME` varchar(200) NOT NULL,
  `CALENDAR` blob NOT NULL,
  PRIMARY KEY (`SCHED_NAME`,`CALENDAR_NAME`)
) ENGINE=InnoDB DEFAULT CHARSET=utf8;

-- ----------------------------
-- Records of qrtz_calendars
-- ----------------------------

-- ----------------------------
-- Table structure for `qrtz_cron_triggers`
-- ----------------------------
DROP TABLE IF EXISTS `qrtz_cron_triggers`;
CREATE TABLE `qrtz_cron_triggers` (
  `SCHED_NAME` varchar(120) NOT NULL,
  `TRIGGER_NAME` varchar(200) NOT NULL,
  `TRIGGER_GROUP` varchar(200) NOT NULL,
  `CRON_EXPRESSION` varchar(120) NOT NULL,
  `TIME_ZONE_ID` varchar(80) DEFAULT NULL,
  PRIMARY KEY (`SCHED_NAME`,`TRIGGER_NAME`,`TRIGGER_GROUP`),
  CONSTRAINT `qrtz_cron_triggers_ibfk_1` FOREIGN KEY (`SCHED_NAME`, `TRIGGER_NAME`, `TRIGGER_GROUP`) REFERENCES `qrtz_triggers` (`SCHED_NAME`, `TRIGGER_NAME`, `TRIGGER_GROUP`)
) ENGINE=InnoDB DEFAULT CHARSET=utf8;

-- ----------------------------
-- Records of qrtz_cron_triggers
-- ----------------------------
INSERT INTO `qrtz_cron_triggers` VALUES ('RenrenScheduler', 'TASK_1', 'DEFAULT', '0 0/10 * * * ?', 'Asia/Shanghai');
INSERT INTO `qrtz_cron_triggers` VALUES ('RenrenScheduler', 'TASK_2', 'DEFAULT', '0 0/10 * * * ?', 'Asia/Shanghai');

-- ----------------------------
-- Table structure for `qrtz_fired_triggers`
-- ----------------------------
DROP TABLE IF EXISTS `qrtz_fired_triggers`;
CREATE TABLE `qrtz_fired_triggers` (
  `SCHED_NAME` varchar(120) NOT NULL,
  `ENTRY_ID` varchar(95) NOT NULL,
  `TRIGGER_NAME` varchar(200) NOT NULL,
  `TRIGGER_GROUP` varchar(200) NOT NULL,
  `INSTANCE_NAME` varchar(200) NOT NULL,
  `FIRED_TIME` bigint(13) NOT NULL,
  `SCHED_TIME` bigint(13) NOT NULL,
  `PRIORITY` int(11) NOT NULL,
  `STATE` varchar(16) NOT NULL,
  `JOB_NAME` varchar(200) DEFAULT NULL,
  `JOB_GROUP` varchar(200) DEFAULT NULL,
  `IS_NONCONCURRENT` varchar(1) DEFAULT NULL,
  `REQUESTS_RECOVERY` varchar(1) DEFAULT NULL,
  PRIMARY KEY (`SCHED_NAME`,`ENTRY_ID`),
  KEY `IDX_QRTZ_FT_TRIG_INST_NAME` (`SCHED_NAME`,`INSTANCE_NAME`),
  KEY `IDX_QRTZ_FT_INST_JOB_REQ_RCVRY` (`SCHED_NAME`,`INSTANCE_NAME`,`REQUESTS_RECOVERY`),
  KEY `IDX_QRTZ_FT_J_G` (`SCHED_NAME`,`JOB_NAME`,`JOB_GROUP`),
  KEY `IDX_QRTZ_FT_JG` (`SCHED_NAME`,`JOB_GROUP`),
  KEY `IDX_QRTZ_FT_T_G` (`SCHED_NAME`,`TRIGGER_NAME`,`TRIGGER_GROUP`),
  KEY `IDX_QRTZ_FT_TG` (`SCHED_NAME`,`TRIGGER_GROUP`)
) ENGINE=InnoDB DEFAULT CHARSET=utf8;

-- ----------------------------
-- Records of qrtz_fired_triggers
-- ----------------------------

-- ----------------------------
-- Table structure for `qrtz_job_details`
-- ----------------------------
DROP TABLE IF EXISTS `qrtz_job_details`;
CREATE TABLE `qrtz_job_details` (
  `SCHED_NAME` varchar(120) NOT NULL,
  `JOB_NAME` varchar(200) NOT NULL,
  `JOB_GROUP` varchar(200) NOT NULL,
  `DESCRIPTION` varchar(250) DEFAULT NULL,
  `JOB_CLASS_NAME` varchar(250) NOT NULL,
  `IS_DURABLE` varchar(1) NOT NULL,
  `IS_NONCONCURRENT` varchar(1) NOT NULL,
  `IS_UPDATE_DATA` varchar(1) NOT NULL,
  `REQUESTS_RECOVERY` varchar(1) NOT NULL,
  `JOB_DATA` blob,
  PRIMARY KEY (`SCHED_NAME`,`JOB_NAME`,`JOB_GROUP`),
  KEY `IDX_QRTZ_J_REQ_RECOVERY` (`SCHED_NAME`,`REQUESTS_RECOVERY`),
  KEY `IDX_QRTZ_J_GRP` (`SCHED_NAME`,`JOB_GROUP`)
) ENGINE=InnoDB DEFAULT CHARSET=utf8;

-- ----------------------------
-- Records of qrtz_job_details
-- ----------------------------
INSERT INTO `qrtz_job_details` VALUES ('RenrenScheduler', 'TASK_1', 'DEFAULT', null, 'io.renren.modules.job.utils.ScheduleJob', '0', '0', '0', '0', 0xACED0005737200156F72672E71756172747A2E4A6F62446174614D61709FB083E8BFA9B0CB020000787200266F72672E71756172747A2E7574696C732E537472696E674B65794469727479466C61674D61708208E8C3FBC55D280200015A0013616C6C6F77735472616E7369656E74446174617872001D6F72672E71756172747A2E7574696C732E4469727479466C61674D617013E62EAD28760ACE0200025A000564697274794C00036D617074000F4C6A6176612F7574696C2F4D61703B787001737200116A6176612E7574696C2E486173684D61700507DAC1C31660D103000246000A6C6F6164466163746F724900097468726573686F6C6478703F4000000000000C7708000000100000000174000D4A4F425F504152414D5F4B45597400B77B226A6F624964223A312C226265616E4E616D65223A22746573745461736B222C226D6574686F644E616D65223A2274657374222C22706172616D73223A226A656566617374222C2263726F6E45787072657373696F6E223A223020302F3130202A202A202A203F222C22737461747573223A302C2272656D61726B223A22E69C89E58F82E695B0E6B58BE8AF95222C2263726561746554696D65223A2244656320312C20323031362031313A31363A343620504D227D7800);
INSERT INTO `qrtz_job_details` VALUES ('RenrenScheduler', 'TASK_2', 'DEFAULT', null, 'io.renren.modules.job.utils.ScheduleJob', '0', '0', '0', '0', 0xACED0005737200156F72672E71756172747A2E4A6F62446174614D61709FB083E8BFA9B0CB020000787200266F72672E71756172747A2E7574696C732E537472696E674B65794469727479466C61674D61708208E8C3FBC55D280200015A0013616C6C6F77735472616E7369656E74446174617872001D6F72672E71756172747A2E7574696C732E4469727479466C61674D617013E62EAD28760ACE0200025A000564697274794C00036D617074000F4C6A6176612F7574696C2F4D61703B787001737200116A6176612E7574696C2E486173684D61700507DAC1C31660D103000246000A6C6F6164466163746F724900097468726573686F6C6478703F4000000000000C7708000000100000000174000D4A4F425F504152414D5F4B45597400A47B226A6F624964223A322C226265616E4E616D65223A22746573745461736B222C226D6574686F644E616D65223A227465737432222C2263726F6E45787072657373696F6E223A223020302F3130202A202A202A203F222C22737461747573223A312C2272656D61726B223A22E697A0E58F82E695B0E6B58BE8AF95222C2263726561746554696D65223A2244656320332C203230313620323A35353A353620504D227D7800);

-- ----------------------------
-- Table structure for `qrtz_locks`
-- ----------------------------
DROP TABLE IF EXISTS `qrtz_locks`;
CREATE TABLE `qrtz_locks` (
  `SCHED_NAME` varchar(120) NOT NULL,
  `LOCK_NAME` varchar(40) NOT NULL,
  PRIMARY KEY (`SCHED_NAME`,`LOCK_NAME`)
) ENGINE=InnoDB DEFAULT CHARSET=utf8;

-- ----------------------------
-- Records of qrtz_locks
-- ----------------------------
INSERT INTO `qrtz_locks` VALUES ('RenrenScheduler', 'STATE_ACCESS');
INSERT INTO `qrtz_locks` VALUES ('RenrenScheduler', 'TRIGGER_ACCESS');

-- ----------------------------
-- Table structure for `qrtz_paused_trigger_grps`
-- ----------------------------
DROP TABLE IF EXISTS `qrtz_paused_trigger_grps`;
CREATE TABLE `qrtz_paused_trigger_grps` (
  `SCHED_NAME` varchar(120) NOT NULL,
  `TRIGGER_GROUP` varchar(200) NOT NULL,
  PRIMARY KEY (`SCHED_NAME`,`TRIGGER_GROUP`)
) ENGINE=InnoDB DEFAULT CHARSET=utf8;

-- ----------------------------
-- Records of qrtz_paused_trigger_grps
-- ----------------------------

-- ----------------------------
-- Table structure for `qrtz_scheduler_state`
-- ----------------------------
DROP TABLE IF EXISTS `qrtz_scheduler_state`;
CREATE TABLE `qrtz_scheduler_state` (
  `SCHED_NAME` varchar(120) NOT NULL,
  `INSTANCE_NAME` varchar(200) NOT NULL,
  `LAST_CHECKIN_TIME` bigint(13) NOT NULL,
  `CHECKIN_INTERVAL` bigint(13) NOT NULL,
  PRIMARY KEY (`SCHED_NAME`,`INSTANCE_NAME`)
) ENGINE=InnoDB DEFAULT CHARSET=utf8;

-- ----------------------------
-- Records of qrtz_scheduler_state
-- ----------------------------
INSERT INTO `qrtz_scheduler_state` VALUES ('RenrenScheduler', 'admin-PC1520318574456', '1520323680178', '15000');

-- ----------------------------
-- Table structure for `qrtz_simple_triggers`
-- ----------------------------
DROP TABLE IF EXISTS `qrtz_simple_triggers`;
CREATE TABLE `qrtz_simple_triggers` (
  `SCHED_NAME` varchar(120) NOT NULL,
  `TRIGGER_NAME` varchar(200) NOT NULL,
  `TRIGGER_GROUP` varchar(200) NOT NULL,
  `REPEAT_COUNT` bigint(7) NOT NULL,
  `REPEAT_INTERVAL` bigint(12) NOT NULL,
  `TIMES_TRIGGERED` bigint(10) NOT NULL,
  PRIMARY KEY (`SCHED_NAME`,`TRIGGER_NAME`,`TRIGGER_GROUP`),
  CONSTRAINT `qrtz_simple_triggers_ibfk_1` FOREIGN KEY (`SCHED_NAME`, `TRIGGER_NAME`, `TRIGGER_GROUP`) REFERENCES `qrtz_triggers` (`SCHED_NAME`, `TRIGGER_NAME`, `TRIGGER_GROUP`)
) ENGINE=InnoDB DEFAULT CHARSET=utf8;

-- ----------------------------
-- Records of qrtz_simple_triggers
-- ----------------------------

-- ----------------------------
-- Table structure for `qrtz_simprop_triggers`
-- ----------------------------
DROP TABLE IF EXISTS `qrtz_simprop_triggers`;
CREATE TABLE `qrtz_simprop_triggers` (
  `SCHED_NAME` varchar(120) NOT NULL,
  `TRIGGER_NAME` varchar(200) NOT NULL,
  `TRIGGER_GROUP` varchar(200) NOT NULL,
  `STR_PROP_1` varchar(512) DEFAULT NULL,
  `STR_PROP_2` varchar(512) DEFAULT NULL,
  `STR_PROP_3` varchar(512) DEFAULT NULL,
  `INT_PROP_1` int(11) DEFAULT NULL,
  `INT_PROP_2` int(11) DEFAULT NULL,
  `LONG_PROP_1` bigint(20) DEFAULT NULL,
  `LONG_PROP_2` bigint(20) DEFAULT NULL,
  `DEC_PROP_1` decimal(13,4) DEFAULT NULL,
  `DEC_PROP_2` decimal(13,4) DEFAULT NULL,
  `BOOL_PROP_1` varchar(1) DEFAULT NULL,
  `BOOL_PROP_2` varchar(1) DEFAULT NULL,
  PRIMARY KEY (`SCHED_NAME`,`TRIGGER_NAME`,`TRIGGER_GROUP`),
  CONSTRAINT `qrtz_simprop_triggers_ibfk_1` FOREIGN KEY (`SCHED_NAME`, `TRIGGER_NAME`, `TRIGGER_GROUP`) REFERENCES `qrtz_triggers` (`SCHED_NAME`, `TRIGGER_NAME`, `TRIGGER_GROUP`)
) ENGINE=InnoDB DEFAULT CHARSET=utf8;

-- ----------------------------
-- Records of qrtz_simprop_triggers
-- ----------------------------

-- ----------------------------
-- Table structure for `qrtz_triggers`
-- ----------------------------
DROP TABLE IF EXISTS `qrtz_triggers`;
CREATE TABLE `qrtz_triggers` (
  `SCHED_NAME` varchar(120) NOT NULL,
  `TRIGGER_NAME` varchar(200) NOT NULL,
  `TRIGGER_GROUP` varchar(200) NOT NULL,
  `JOB_NAME` varchar(200) NOT NULL,
  `JOB_GROUP` varchar(200) NOT NULL,
  `DESCRIPTION` varchar(250) DEFAULT NULL,
  `NEXT_FIRE_TIME` bigint(13) DEFAULT NULL,
  `PREV_FIRE_TIME` bigint(13) DEFAULT NULL,
  `PRIORITY` int(11) DEFAULT NULL,
  `TRIGGER_STATE` varchar(16) NOT NULL,
  `TRIGGER_TYPE` varchar(8) NOT NULL,
  `START_TIME` bigint(13) NOT NULL,
  `END_TIME` bigint(13) DEFAULT NULL,
  `CALENDAR_NAME` varchar(200) DEFAULT NULL,
  `MISFIRE_INSTR` smallint(2) DEFAULT NULL,
  `JOB_DATA` blob,
  PRIMARY KEY (`SCHED_NAME`,`TRIGGER_NAME`,`TRIGGER_GROUP`),
  KEY `IDX_QRTZ_T_J` (`SCHED_NAME`,`JOB_NAME`,`JOB_GROUP`),
  KEY `IDX_QRTZ_T_JG` (`SCHED_NAME`,`JOB_GROUP`),
  KEY `IDX_QRTZ_T_C` (`SCHED_NAME`,`CALENDAR_NAME`),
  KEY `IDX_QRTZ_T_G` (`SCHED_NAME`,`TRIGGER_GROUP`),
  KEY `IDX_QRTZ_T_STATE` (`SCHED_NAME`,`TRIGGER_STATE`),
  KEY `IDX_QRTZ_T_N_STATE` (`SCHED_NAME`,`TRIGGER_NAME`,`TRIGGER_GROUP`,`TRIGGER_STATE`),
  KEY `IDX_QRTZ_T_N_G_STATE` (`SCHED_NAME`,`TRIGGER_GROUP`,`TRIGGER_STATE`),
  KEY `IDX_QRTZ_T_NEXT_FIRE_TIME` (`SCHED_NAME`,`NEXT_FIRE_TIME`),
  KEY `IDX_QRTZ_T_NFT_ST` (`SCHED_NAME`,`TRIGGER_STATE`,`NEXT_FIRE_TIME`),
  KEY `IDX_QRTZ_T_NFT_MISFIRE` (`SCHED_NAME`,`MISFIRE_INSTR`,`NEXT_FIRE_TIME`),
  KEY `IDX_QRTZ_T_NFT_ST_MISFIRE` (`SCHED_NAME`,`MISFIRE_INSTR`,`NEXT_FIRE_TIME`,`TRIGGER_STATE`),
  KEY `IDX_QRTZ_T_NFT_ST_MISFIRE_GRP` (`SCHED_NAME`,`MISFIRE_INSTR`,`NEXT_FIRE_TIME`,`TRIGGER_GROUP`,`TRIGGER_STATE`),
  CONSTRAINT `qrtz_triggers_ibfk_1` FOREIGN KEY (`SCHED_NAME`, `JOB_NAME`, `JOB_GROUP`) REFERENCES `qrtz_job_details` (`SCHED_NAME`, `JOB_NAME`, `JOB_GROUP`)
) ENGINE=InnoDB DEFAULT CHARSET=utf8;

-- ----------------------------
-- Records of qrtz_triggers
-- ----------------------------
INSERT INTO `qrtz_triggers` VALUES ('RenrenScheduler', 'TASK_1', 'DEFAULT', 'TASK_1', 'DEFAULT', null, '1520320200000', '1520319600000', '5', 'PAUSED', 'CRON', '1520221753000', '0', null, '2', 0xACED0005737200156F72672E71756172747A2E4A6F62446174614D61709FB083E8BFA9B0CB020000787200266F72672E71756172747A2E7574696C732E537472696E674B65794469727479466C61674D61708208E8C3FBC55D280200015A0013616C6C6F77735472616E7369656E74446174617872001D6F72672E71756172747A2E7574696C732E4469727479466C61674D617013E62EAD28760ACE0200025A000564697274794C00036D617074000F4C6A6176612F7574696C2F4D61703B787001737200116A6176612E7574696C2E486173684D61700507DAC1C31660D103000246000A6C6F6164466163746F724900097468726573686F6C6478703F4000000000000C7708000000100000000174000D4A4F425F504152414D5F4B45597400B77B226A6F624964223A312C226265616E4E616D65223A22746573745461736B222C226D6574686F644E616D65223A2274657374222C22706172616D73223A226A656566617374222C2263726F6E45787072657373696F6E223A223020302F3130202A202A202A203F222C22737461747573223A302C2272656D61726B223A22E69C89E58F82E695B0E6B58BE8AF95222C2263726561746554696D65223A2244656320312C20323031362031313A31363A343620504D227D7800);
INSERT INTO `qrtz_triggers` VALUES ('RenrenScheduler', 'TASK_2', 'DEFAULT', 'TASK_2', 'DEFAULT', null, '1520221800000', '-1', '5', 'PAUSED', 'CRON', '1520221753000', '0', null, '2', 0xACED0005737200156F72672E71756172747A2E4A6F62446174614D61709FB083E8BFA9B0CB020000787200266F72672E71756172747A2E7574696C732E537472696E674B65794469727479466C61674D61708208E8C3FBC55D280200015A0013616C6C6F77735472616E7369656E74446174617872001D6F72672E71756172747A2E7574696C732E4469727479466C61674D617013E62EAD28760ACE0200025A000564697274794C00036D617074000F4C6A6176612F7574696C2F4D61703B787001737200116A6176612E7574696C2E486173684D61700507DAC1C31660D103000246000A6C6F6164466163746F724900097468726573686F6C6478703F4000000000000C7708000000100000000174000D4A4F425F504152414D5F4B45597400A47B226A6F624964223A322C226265616E4E616D65223A22746573745461736B222C226D6574686F644E616D65223A227465737432222C2263726F6E45787072657373696F6E223A223020302F3130202A202A202A203F222C22737461747573223A312C2272656D61726B223A22E697A0E58F82E695B0E6B58BE8AF95222C2263726561746554696D65223A2244656320332C203230313620323A35353A353620504D227D7800);

-- ----------------------------
-- Table structure for `schedule_job`
-- ----------------------------
DROP TABLE IF EXISTS `schedule_job`;
CREATE TABLE `schedule_job` (
  `job_id` bigint(20) NOT NULL AUTO_INCREMENT COMMENT '任务id',
  `bean_name` varchar(200) DEFAULT NULL COMMENT 'spring bean名称',
  `method_name` varchar(100) DEFAULT NULL COMMENT '方法名',
  `params` varchar(2000) DEFAULT NULL COMMENT '参数',
  `cron_expression` varchar(100) DEFAULT NULL COMMENT 'cron表达式',
  `status` tinyint(4) DEFAULT NULL COMMENT '任务状态  0：正常  1：暂停',
  `remark` varchar(255) DEFAULT NULL COMMENT '备注',
  `create_time` datetime DEFAULT NULL COMMENT '创建时间',
  PRIMARY KEY (`job_id`)
) ENGINE=InnoDB AUTO_INCREMENT=3 DEFAULT CHARSET=utf8 COMMENT='定时任务';

-- ----------------------------
-- Records of schedule_job
-- ----------------------------
INSERT INTO `schedule_job` VALUES ('1', 'testTask', 'test', 'jeefast', '0 0/10 * * * ?', '1', '有参数测试', '2016-12-01 23:16:46');
INSERT INTO `schedule_job` VALUES ('2', 'testTask', 'test2', null, '0 0/10 * * * ?', '1', '无参数测试', '2016-12-03 14:55:56');

-- ----------------------------
-- Table structure for `schedule_job_log`
-- ----------------------------
DROP TABLE IF EXISTS `schedule_job_log`;
CREATE TABLE `schedule_job_log` (
  `log_id` bigint(20) NOT NULL AUTO_INCREMENT COMMENT '任务日志id',
  `job_id` bigint(20) NOT NULL COMMENT '任务id',
  `bean_name` varchar(200) DEFAULT NULL COMMENT 'spring bean名称',
  `method_name` varchar(100) DEFAULT NULL COMMENT '方法名',
  `params` varchar(2000) DEFAULT NULL COMMENT '参数',
  `status` tinyint(4) NOT NULL COMMENT '任务状态    0：成功    1：失败',
  `error` varchar(2000) DEFAULT NULL COMMENT '失败信息',
  `times` int(11) NOT NULL COMMENT '耗时(单位：毫秒)',
  `create_time` datetime DEFAULT NULL COMMENT '创建时间',
  PRIMARY KEY (`log_id`),
  KEY `job_id` (`job_id`)
) ENGINE=InnoDB AUTO_INCREMENT=15 DEFAULT CHARSET=utf8 COMMENT='定时任务日志';

-- ----------------------------
-- Records of schedule_job_log
-- ----------------------------
INSERT INTO `schedule_job_log` VALUES ('1', '1', 'testTask', 'test', 'jeefast', '0', null, '1029', '2018-03-05 11:50:00');
INSERT INTO `schedule_job_log` VALUES ('2', '1', 'testTask', 'test', 'jeefast', '0', null, '1004', '2018-03-05 12:00:00');
INSERT INTO `schedule_job_log` VALUES ('3', '1', 'testTask', 'test', 'jeefast', '0', null, '1024', '2018-03-06 11:30:00');
INSERT INTO `schedule_job_log` VALUES ('4', '1', 'testTask', 'test', 'jeefast', '0', null, '1015', '2018-03-06 11:40:00');
INSERT INTO `schedule_job_log` VALUES ('5', '1', 'testTask', 'test', 'jeefast', '0', null, '1002', '2018-03-06 11:50:00');
INSERT INTO `schedule_job_log` VALUES ('6', '1', 'testTask', 'test', 'jeefast', '0', null, '1009', '2018-03-06 12:00:00');
INSERT INTO `schedule_job_log` VALUES ('7', '1', 'testTask', 'test', 'jeefast', '0', null, '1007', '2018-03-06 12:10:00');
INSERT INTO `schedule_job_log` VALUES ('8', '1', 'testTask', 'test', 'jeefast', '0', null, '1009', '2018-03-06 12:20:00');
INSERT INTO `schedule_job_log` VALUES ('9', '1', 'testTask', 'test', 'jeefast', '0', null, '1015', '2018-03-06 12:30:00');
INSERT INTO `schedule_job_log` VALUES ('10', '1', 'testTask', 'test', 'jeefast', '0', null, '1022', '2018-03-06 12:40:00');
INSERT INTO `schedule_job_log` VALUES ('11', '1', 'testTask', 'test', 'jeefast', '0', null, '1003', '2018-03-06 12:50:00');
INSERT INTO `schedule_job_log` VALUES ('12', '1', 'testTask', 'test', 'jeefast', '0', null, '1007', '2018-03-06 13:00:00');
INSERT INTO `schedule_job_log` VALUES ('13', '1', 'testTask', 'test', 'jeefast', '0', null, '1011', '2018-03-06 14:50:00');
INSERT INTO `schedule_job_log` VALUES ('14', '1', 'testTask', 'test', 'jeefast', '0', null, '1002', '2018-03-06 15:00:00');

-- ----------------------------
-- Table structure for `sys_config`
-- ----------------------------
DROP TABLE IF EXISTS `sys_config`;
CREATE TABLE `sys_config` (
  `id` bigint(20) NOT NULL AUTO_INCREMENT,
  `key` varchar(50) DEFAULT NULL COMMENT 'key',
  `value` varchar(2000) DEFAULT NULL COMMENT 'value',
  `status` tinyint(4) DEFAULT '1' COMMENT '状态   0：隐藏   1：显示',
  `remark` varchar(500) DEFAULT NULL COMMENT '备注',
  PRIMARY KEY (`id`),
  UNIQUE KEY `key` (`key`)
) ENGINE=InnoDB AUTO_INCREMENT=2 DEFAULT CHARSET=utf8 COMMENT='系统配置信息表';

-- ----------------------------
-- Records of sys_config
-- ----------------------------
INSERT INTO `sys_config` VALUES ('1', 'CLOUD_STORAGE_CONFIG_KEY', '{\"aliyunAccessKeyId\":\"\",\"aliyunAccessKeySecret\":\"\",\"aliyunBucketName\":\"\",\"aliyunDomain\":\"\",\"aliyunEndPoint\":\"\",\"aliyunPrefix\":\"\",\"qcloudBucketName\":\"\",\"qcloudDomain\":\"\",\"qcloudPrefix\":\"\",\"qcloudSecretId\":\"\",\"qcloudSecretKey\":\"\",\"qiniuAccessKey\":\"\",\"qiniuBucketName\":\"\",\"qiniuDomain\":\"\",\"qiniuPrefix\":\"\",\"qiniuSecretKey\":\"\",\"type\":1}', '0', '云存储配置信息');

-- ----------------------------
-- Table structure for `sys_dept`
-- ----------------------------
DROP TABLE IF EXISTS `sys_dept`;
CREATE TABLE `sys_dept` (
  `dept_id` bigint(20) NOT NULL AUTO_INCREMENT,
  `parent_id` bigint(20) DEFAULT NULL COMMENT '上级部门ID，一级部门为0',
  `name` varchar(50) DEFAULT NULL COMMENT '部门名称',
  `order_num` int(11) DEFAULT NULL COMMENT '排序',
  `del_flag` tinyint(4) DEFAULT '0' COMMENT '是否删除  -1：已删除  0：正常',
  PRIMARY KEY (`dept_id`)
) ENGINE=InnoDB AUTO_INCREMENT=6 DEFAULT CHARSET=utf8 COMMENT='部门管理';

-- ----------------------------
-- Records of sys_dept
-- ----------------------------
INSERT INTO `sys_dept` VALUES ('1', '0', '中国区', '0', '0');
INSERT INTO `sys_dept` VALUES ('2', '1', '北京分公司', '1', '0');
INSERT INTO `sys_dept` VALUES ('3', '1', '上海分公司', '2', '0');
INSERT INTO `sys_dept` VALUES ('4', '3', '技术部', '0', '0');
INSERT INTO `sys_dept` VALUES ('5', '3', '销售部', '1', '0');

-- ----------------------------
-- Table structure for `sys_log`
-- ----------------------------
DROP TABLE IF EXISTS `sys_log`;
CREATE TABLE `sys_log` (
  `id` bigint(20) NOT NULL AUTO_INCREMENT,
  `username` varchar(50) DEFAULT NULL COMMENT '用户名',
  `operation` varchar(50) DEFAULT NULL COMMENT '用户操作',
  `method` varchar(200) DEFAULT NULL COMMENT '请求方法',
  `params` varchar(5000) DEFAULT NULL COMMENT '请求参数',
  `time` bigint(20) NOT NULL COMMENT '执行时长(毫秒)',
  `ip` varchar(64) DEFAULT NULL COMMENT 'IP地址',
  `create_date` datetime DEFAULT NULL COMMENT '创建时间',
  PRIMARY KEY (`id`)
) ENGINE=InnoDB AUTO_INCREMENT=10 DEFAULT CHARSET=utf8 COMMENT='系统日志';

-- ----------------------------
-- Records of sys_log
-- ----------------------------
INSERT INTO `sys_log` VALUES ('1', 'admin', '保存用户', 'io.renren.modules.sys.controller.SysUserController.save()', '{\"userId\":2,\"username\":\"qxw\",\"password\":\"78858982450c9801e5c11e7635720c4135fe11bc6ae5d7c3fd47d4c1d19c27ec\",\"salt\":\"48oN4xrpNfBkxQDSmOuj\",\"email\":\"870439570@qq.com\",\"mobile\":\"13650885415\",\"status\":1,\"roleIdList\":[],\"createUserId\":1,\"createTime\":\"Mar 6, 2018 11:55:28 AM\"}', '53', '0:0:0:0:0:0:0:1', '2018-03-06 11:55:28');
INSERT INTO `sys_log` VALUES ('2', 'admin', '修改用户', 'io.renren.modules.sys.controller.SysUserController.update()', '{\"userId\":2,\"username\":\"qxw\",\"salt\":\"48oN4xrpNfBkxQDSmOuj\",\"email\":\"870439570@qq.com\",\"mobile\":\"1365088541\",\"status\":1,\"roleIdList\":[],\"createUserId\":1,\"createTime\":\"Mar 6, 2018 11:55:28 AM\"}', '76', '0:0:0:0:0:0:0:1', '2018-03-06 14:44:28');
INSERT INTO `sys_log` VALUES ('3', 'admin', '保存角色', 'io.renren.modules.sys.controller.SysRoleController.save()', '{\"roleId\":1,\"roleName\":\"普通管理员\",\"remark\":\"普通管理员\",\"createUserId\":1,\"menuIdList\":[1,2,15,16,17,18,31,32,33,34,35,6,7,8,9,10,11,12,13,14,27,30,29],\"createTime\":\"Mar 6, 2018 2:48:04 PM\"}', '81', '0:0:0:0:0:0:0:1', '2018-03-06 14:48:04');
INSERT INTO `sys_log` VALUES ('4', 'admin', '保存角色', 'io.renren.modules.sys.controller.SysRoleController.save()', '{\"roleId\":2,\"roleName\":\"超级管理员\",\"remark\":\"超级管理员\",\"createUserId\":1,\"menuIdList\":[1,2,15,16,17,18,31,32,33,34,35,3,19,20,21,22,4,23,24,25,26,5,6,7,8,9,10,11,12,13,14,27,30,29],\"createTime\":\"Mar 6, 2018 2:57:26 PM\"}', '61', '0:0:0:0:0:0:0:1', '2018-03-06 14:57:26');
INSERT INTO `sys_log` VALUES ('5', 'admin', '暂停定时任务', 'io.renren.modules.job.controller.ScheduleJobController.pause()', '[1]', '68', '0:0:0:0:0:0:0:1', '2018-03-06 15:00:38');
INSERT INTO `sys_log` VALUES ('6', 'admin', '修改用户', 'io.renren.modules.sys.controller.SysUserController.update()', '{\"userId\":2,\"username\":\"qxw\",\"salt\":\"48oN4xrpNfBkxQDSmOuj\",\"email\":\"870439570@qq.com\",\"mobile\":\"1365088541\",\"status\":1,\"roleIdList\":[1],\"createUserId\":1,\"createTime\":\"Mar 6, 2018 11:55:28 AM\"}', '44', '0:0:0:0:0:0:0:1', '2018-03-06 15:43:42');
INSERT INTO `sys_log` VALUES ('7', 'admin', '修改用户', 'io.renren.modules.sys.controller.SysUserController.update()', '{\"userId\":1,\"username\":\"admin\",\"salt\":\"YzcmCZNvbXocrsz9dm8e\",\"email\":\"admin@jeefast.cn\",\"mobile\":\"13812345678\",\"status\":1,\"roleIdList\":[2],\"createUserId\":1,\"createTime\":\"Nov 1, 2017 11:11:11 AM\"}', '30', '0:0:0:0:0:0:0:1', '2018-03-06 15:43:55');
INSERT INTO `sys_log` VALUES ('8', 'admin', '修改角色', 'io.renren.modules.sys.controller.SysRoleController.update()', '{\"roleId\":1,\"roleName\":\"普通管理员\",\"remark\":\"普通管理员\",\"createUserId\":1,\"menuIdList\":[1,2,15,16,17,18,31,32,33,34,35,5,6,7,8,9,10,11,12,13,14,27,30,29],\"createTime\":\"Mar 6, 2018 2:48:04 PM\"}', '66', '0:0:0:0:0:0:0:1', '2018-03-06 16:00:40');
INSERT INTO `sys_log` VALUES ('9', 'qxw', '保存用户', 'io.renren.modules.sys.controller.SysUserController.save()', '{\"userId\":3,\"username\":\"aaaa\",\"password\":\"3718f23075d69404f66e5c047e626fec78198ee42a66b060bd029db1e1e2065d\",\"salt\":\"if02zw4pl4Nou5elttAW\",\"email\":\"919085258@qq.com\",\"mobile\":\"13360013636\",\"status\":1,\"roleIdList\":[],\"createUserId\":2,\"createTime\":\"Mar 6, 2018 4:01:37 PM\"}', '53', '0:0:0:0:0:0:0:1', '2018-03-06 16:01:37');

-- ----------------------------
-- Table structure for `sys_menu`
-- ----------------------------
DROP TABLE IF EXISTS `sys_menu`;
CREATE TABLE `sys_menu` (
  `menu_id` bigint(20) NOT NULL AUTO_INCREMENT,
  `parent_id` bigint(20) DEFAULT NULL COMMENT '父菜单ID，一级菜单为0',
  `name` varchar(50) DEFAULT NULL COMMENT '菜单名称',
  `url` varchar(200) DEFAULT NULL COMMENT '菜单URL',
  `perms` varchar(500) DEFAULT NULL COMMENT '授权(多个用逗号分隔，如：user:list,user:create)',
  `type` int(11) DEFAULT NULL COMMENT '类型   0：目录   1：菜单   2：按钮',
  `icon` varchar(50) DEFAULT NULL COMMENT '菜单图标',
  `order_num` int(11) DEFAULT NULL COMMENT '排序',
  PRIMARY KEY (`menu_id`)
) ENGINE=InnoDB AUTO_INCREMENT=36 DEFAULT CHARSET=utf8 COMMENT='菜单管理';

-- ----------------------------
-- Records of sys_menu
-- ----------------------------
INSERT INTO `sys_menu` VALUES ('1', '0', '系统管理', null, null, '0', 'fa fa-cog', '0');
INSERT INTO `sys_menu` VALUES ('2', '1', '用户管理', 'modules/sys/user.html', null, '1', 'fa fa-user', '1');
INSERT INTO `sys_menu` VALUES ('3', '1', '角色管理', 'modules/sys/role.html', null, '1', 'fa fa-user-secret', '2');
INSERT INTO `sys_menu` VALUES ('4', '1', '菜单管理', 'modules/sys/menu.html', null, '1', 'fa fa-th-list', '3');
INSERT INTO `sys_menu` VALUES ('5', '1', 'SQL监控', 'druid/sql.html', null, '1', 'fa fa-bug', '4');
INSERT INTO `sys_menu` VALUES ('6', '1', '定时任务', 'modules/job/schedule.html', null, '1', 'fa fa-tasks', '5');
INSERT INTO `sys_menu` VALUES ('7', '6', '查看', null, 'sys:schedule:list,sys:schedule:info', '2', null, '0');
INSERT INTO `sys_menu` VALUES ('8', '6', '新增', null, 'sys:schedule:save', '2', null, '0');
INSERT INTO `sys_menu` VALUES ('9', '6', '修改', null, 'sys:schedule:update', '2', null, '0');
INSERT INTO `sys_menu` VALUES ('10', '6', '删除', null, 'sys:schedule:delete', '2', null, '0');
INSERT INTO `sys_menu` VALUES ('11', '6', '暂停', null, 'sys:schedule:pause', '2', null, '0');
INSERT INTO `sys_menu` VALUES ('12', '6', '恢复', null, 'sys:schedule:resume', '2', null, '0');
INSERT INTO `sys_menu` VALUES ('13', '6', '立即执行', null, 'sys:schedule:run', '2', null, '0');
INSERT INTO `sys_menu` VALUES ('14', '6', '日志列表', null, 'sys:schedule:log', '2', null, '0');
INSERT INTO `sys_menu` VALUES ('15', '2', '查看', null, 'sys:user:list,sys:user:info', '2', null, '0');
INSERT INTO `sys_menu` VALUES ('16', '2', '新增', null, 'sys:user:save,sys:role:select', '2', null, '0');
INSERT INTO `sys_menu` VALUES ('17', '2', '修改', null, 'sys:user:update,sys:role:select', '2', null, '0');
INSERT INTO `sys_menu` VALUES ('18', '2', '删除', null, 'sys:user:delete', '2', null, '0');
INSERT INTO `sys_menu` VALUES ('19', '3', '查看', null, 'sys:role:list,sys:role:info', '2', null, '0');
INSERT INTO `sys_menu` VALUES ('20', '3', '新增', null, 'sys:role:save,sys:menu:perms', '2', null, '0');
INSERT INTO `sys_menu` VALUES ('21', '3', '修改', null, 'sys:role:update,sys:menu:perms', '2', null, '0');
INSERT INTO `sys_menu` VALUES ('22', '3', '删除', null, 'sys:role:delete', '2', null, '0');
INSERT INTO `sys_menu` VALUES ('23', '4', '查看', null, 'sys:menu:list,sys:menu:info', '2', null, '0');
INSERT INTO `sys_menu` VALUES ('24', '4', '新增', null, 'sys:menu:save,sys:menu:select', '2', null, '0');
INSERT INTO `sys_menu` VALUES ('25', '4', '修改', null, 'sys:menu:update,sys:menu:select', '2', null, '0');
INSERT INTO `sys_menu` VALUES ('26', '4', '删除', null, 'sys:menu:delete', '2', null, '0');
INSERT INTO `sys_menu` VALUES ('27', '1', '参数管理', 'modules/sys/config.html', 'sys:config:list,sys:config:info,sys:config:save,sys:config:update,sys:config:delete', '1', 'fa fa-sun-o', '6');
INSERT INTO `sys_menu` VALUES ('29', '1', '系统日志', 'modules/sys/log.html', 'sys:log:list', '1', 'fa fa-file-text-o', '7');
INSERT INTO `sys_menu` VALUES ('30', '1', '文件上传', 'modules/oss/oss.html', 'sys:oss:all', '1', 'fa fa-file-image-o', '6');
INSERT INTO `sys_menu` VALUES ('31', '1', '部门管理', 'modules/sys/dept.html', null, '1', 'fa fa-file-code-o', '1');
INSERT INTO `sys_menu` VALUES ('32', '31', '查看', null, 'sys:dept:list,sys:dept:info', '2', null, '0');
INSERT INTO `sys_menu` VALUES ('33', '31', '新增', null, 'sys:dept:save,sys:dept:select', '2', null, '0');
INSERT INTO `sys_menu` VALUES ('34', '31', '修改', null, 'sys:dept:update,sys:dept:select', '2', null, '0');
INSERT INTO `sys_menu` VALUES ('35', '31', '删除', null, 'sys:dept:delete', '2', null, '0');

-- ----------------------------
-- Table structure for `sys_oss`
-- ----------------------------
DROP TABLE IF EXISTS `sys_oss`;
CREATE TABLE `sys_oss` (
  `id` bigint(20) NOT NULL AUTO_INCREMENT,
  `url` varchar(200) DEFAULT NULL COMMENT 'URL地址',
  `create_date` datetime DEFAULT NULL COMMENT '创建时间',
  PRIMARY KEY (`id`)
) ENGINE=InnoDB DEFAULT CHARSET=utf8 COMMENT='文件上传';

-- ----------------------------
-- Records of sys_oss
-- ----------------------------

-- ----------------------------
-- Table structure for `sys_role`
-- ----------------------------
DROP TABLE IF EXISTS `sys_role`;
CREATE TABLE `sys_role` (
  `role_id` bigint(20) NOT NULL AUTO_INCREMENT,
  `role_name` varchar(100) DEFAULT NULL COMMENT '角色名称',
  `remark` varchar(100) DEFAULT NULL COMMENT '备注',
  `dept_id` bigint(20) DEFAULT NULL COMMENT '部门ID',
  `create_time` datetime DEFAULT NULL COMMENT '创建时间',
  `create_user_id` bigint(20) DEFAULT NULL,
  PRIMARY KEY (`role_id`)
) ENGINE=InnoDB AUTO_INCREMENT=3 DEFAULT CHARSET=utf8 COMMENT='角色';

-- ----------------------------
-- Records of sys_role
-- ----------------------------
INSERT INTO `sys_role` VALUES ('1', '普通管理员', '普通管理员', null, '2018-03-06 14:48:04', '1');
INSERT INTO `sys_role` VALUES ('2', '超级管理员', '超级管理员', null, '2018-03-06 14:57:26', '1');

-- ----------------------------
-- Table structure for `sys_role_dept`
-- ----------------------------
DROP TABLE IF EXISTS `sys_role_dept`;
CREATE TABLE `sys_role_dept` (
  `id` bigint(20) NOT NULL AUTO_INCREMENT,
  `role_id` bigint(20) DEFAULT NULL COMMENT '角色ID',
  `dept_id` bigint(20) DEFAULT NULL COMMENT '部门ID',
  PRIMARY KEY (`id`)
) ENGINE=InnoDB DEFAULT CHARSET=utf8 COMMENT='角色与部门对应关系';

-- ----------------------------
-- Records of sys_role_dept
-- ----------------------------

-- ----------------------------
-- Table structure for `sys_role_menu`
-- ----------------------------
DROP TABLE IF EXISTS `sys_role_menu`;
CREATE TABLE `sys_role_menu` (
  `id` bigint(20) NOT NULL AUTO_INCREMENT,
  `role_id` bigint(20) DEFAULT NULL COMMENT '角色ID',
  `menu_id` bigint(20) DEFAULT NULL COMMENT '菜单ID',
  PRIMARY KEY (`id`)
) ENGINE=InnoDB AUTO_INCREMENT=82 DEFAULT CHARSET=utf8 COMMENT='角色与菜单对应关系';

-- ----------------------------
-- Records of sys_role_menu
-- ----------------------------
INSERT INTO `sys_role_menu` VALUES ('24', '2', '1');
INSERT INTO `sys_role_menu` VALUES ('25', '2', '2');
INSERT INTO `sys_role_menu` VALUES ('26', '2', '15');
INSERT INTO `sys_role_menu` VALUES ('27', '2', '16');
INSERT INTO `sys_role_menu` VALUES ('28', '2', '17');
INSERT INTO `sys_role_menu` VALUES ('29', '2', '18');
INSERT INTO `sys_role_menu` VALUES ('30', '2', '31');
INSERT INTO `sys_role_menu` VALUES ('31', '2', '32');
INSERT INTO `sys_role_menu` VALUES ('32', '2', '33');
INSERT INTO `sys_role_menu` VALUES ('33', '2', '34');
INSERT INTO `sys_role_menu` VALUES ('34', '2', '35');
INSERT INTO `sys_role_menu` VALUES ('35', '2', '3');
INSERT INTO `sys_role_menu` VALUES ('36', '2', '19');
INSERT INTO `sys_role_menu` VALUES ('37', '2', '20');
INSERT INTO `sys_role_menu` VALUES ('38', '2', '21');
INSERT INTO `sys_role_menu` VALUES ('39', '2', '22');
INSERT INTO `sys_role_menu` VALUES ('40', '2', '4');
INSERT INTO `sys_role_menu` VALUES ('41', '2', '23');
INSERT INTO `sys_role_menu` VALUES ('42', '2', '24');
INSERT INTO `sys_role_menu` VALUES ('43', '2', '25');
INSERT INTO `sys_role_menu` VALUES ('44', '2', '26');
INSERT INTO `sys_role_menu` VALUES ('45', '2', '5');
INSERT INTO `sys_role_menu` VALUES ('46', '2', '6');
INSERT INTO `sys_role_menu` VALUES ('47', '2', '7');
INSERT INTO `sys_role_menu` VALUES ('48', '2', '8');
INSERT INTO `sys_role_menu` VALUES ('49', '2', '9');
INSERT INTO `sys_role_menu` VALUES ('50', '2', '10');
INSERT INTO `sys_role_menu` VALUES ('51', '2', '11');
INSERT INTO `sys_role_menu` VALUES ('52', '2', '12');
INSERT INTO `sys_role_menu` VALUES ('53', '2', '13');
INSERT INTO `sys_role_menu` VALUES ('54', '2', '14');
INSERT INTO `sys_role_menu` VALUES ('55', '2', '27');
INSERT INTO `sys_role_menu` VALUES ('56', '2', '30');
INSERT INTO `sys_role_menu` VALUES ('57', '2', '29');
INSERT INTO `sys_role_menu` VALUES ('58', '1', '1');
INSERT INTO `sys_role_menu` VALUES ('59', '1', '2');
INSERT INTO `sys_role_menu` VALUES ('60', '1', '15');
INSERT INTO `sys_role_menu` VALUES ('61', '1', '16');
INSERT INTO `sys_role_menu` VALUES ('62', '1', '17');
INSERT INTO `sys_role_menu` VALUES ('63', '1', '18');
INSERT INTO `sys_role_menu` VALUES ('64', '1', '31');
INSERT INTO `sys_role_menu` VALUES ('65', '1', '32');
INSERT INTO `sys_role_menu` VALUES ('66', '1', '33');
INSERT INTO `sys_role_menu` VALUES ('67', '1', '34');
INSERT INTO `sys_role_menu` VALUES ('68', '1', '35');
INSERT INTO `sys_role_menu` VALUES ('69', '1', '5');
INSERT INTO `sys_role_menu` VALUES ('70', '1', '6');
INSERT INTO `sys_role_menu` VALUES ('71', '1', '7');
INSERT INTO `sys_role_menu` VALUES ('72', '1', '8');
INSERT INTO `sys_role_menu` VALUES ('73', '1', '9');
INSERT INTO `sys_role_menu` VALUES ('74', '1', '10');
INSERT INTO `sys_role_menu` VALUES ('75', '1', '11');
INSERT INTO `sys_role_menu` VALUES ('76', '1', '12');
INSERT INTO `sys_role_menu` VALUES ('77', '1', '13');
INSERT INTO `sys_role_menu` VALUES ('78', '1', '14');
INSERT INTO `sys_role_menu` VALUES ('79', '1', '27');
INSERT INTO `sys_role_menu` VALUES ('80', '1', '30');
INSERT INTO `sys_role_menu` VALUES ('81', '1', '29');

-- ----------------------------
-- Table structure for `sys_user`
-- ----------------------------
DROP TABLE IF EXISTS `sys_user`;
CREATE TABLE `sys_user` (
  `user_id` bigint(20) NOT NULL AUTO_INCREMENT,
  `username` varchar(50) NOT NULL COMMENT '用户名',
  `password` varchar(100) DEFAULT NULL COMMENT '密码',
  `salt` varchar(20) DEFAULT NULL COMMENT '盐',
  `email` varchar(100) DEFAULT NULL COMMENT '邮箱',
  `mobile` varchar(100) DEFAULT NULL COMMENT '手机号',
  `status` tinyint(4) DEFAULT NULL COMMENT '状态  0：禁用   1：正常',
  `dept_id` bigint(20) DEFAULT NULL COMMENT '部门ID',
  `create_time` datetime DEFAULT NULL COMMENT '创建时间',
  `create_user_id` bigint(20) DEFAULT NULL,
  PRIMARY KEY (`user_id`),
  UNIQUE KEY `username` (`username`)
) ENGINE=InnoDB AUTO_INCREMENT=4 DEFAULT CHARSET=utf8 COMMENT='系统用户';

-- ----------------------------
-- Records of sys_user
-- ----------------------------
INSERT INTO `sys_user` VALUES ('1', 'admin', '9ec9750e709431dad22365cabc5c625482e574c74adaebba7dd02f1129e4ce1d', 'YzcmCZNvbXocrsz9dm8e', 'admin@jeefast.cn', '13812345678', '1', null, '2017-11-01 11:11:11', null);
INSERT INTO `sys_user` VALUES ('2', 'qxw', '78858982450c9801e5c11e7635720c4135fe11bc6ae5d7c3fd47d4c1d19c27ec', '48oN4xrpNfBkxQDSmOuj', '870439570@qq.com', '1365088541', '1', null, '2018-03-06 11:55:28', '1');
INSERT INTO `sys_user` VALUES ('3', 'aaaa', '3718f23075d69404f66e5c047e626fec78198ee42a66b060bd029db1e1e2065d', 'if02zw4pl4Nou5elttAW', '919085258@qq.com', '13360013636', '1', null, '2018-03-06 16:01:37', '2');

-- ----------------------------
-- Table structure for `sys_user_role`
-- ----------------------------
DROP TABLE IF EXISTS `sys_user_role`;
CREATE TABLE `sys_user_role` (
  `id` bigint(20) NOT NULL AUTO_INCREMENT,
  `user_id` bigint(20) DEFAULT NULL COMMENT '用户ID',
  `role_id` bigint(20) DEFAULT NULL COMMENT '角色ID',
  PRIMARY KEY (`id`)
) ENGINE=InnoDB AUTO_INCREMENT=3 DEFAULT CHARSET=utf8 COMMENT='用户与角色对应关系';

-- ----------------------------
-- Records of sys_user_role
-- ----------------------------
INSERT INTO `sys_user_role` VALUES ('1', '2', '1');
INSERT INTO `sys_user_role` VALUES ('2', '1', '2');

-- ----------------------------
-- Table structure for `sys_user_token`
-- ----------------------------
DROP TABLE IF EXISTS `sys_user_token`;
CREATE TABLE `sys_user_token` (
  `user_id` bigint(20) NOT NULL,
  `token` varchar(100) NOT NULL COMMENT 'token',
  `expire_time` datetime DEFAULT NULL COMMENT '过期时间',
  `update_time` datetime DEFAULT NULL COMMENT '更新时间',
  PRIMARY KEY (`user_id`),
  UNIQUE KEY `token` (`token`)
) ENGINE=InnoDB DEFAULT CHARSET=utf8 COMMENT='系统用户Token';

-- ----------------------------
-- Records of sys_user_token
-- ----------------------------
INSERT INTO `sys_user_token` VALUES ('1', '09fecd940da4fe8f078eccbb85e193b2', '2018-03-07 04:02:06', '2018-03-06 16:02:06');
INSERT INTO `sys_user_token` VALUES ('2', '69a631fff8abda321d4e17d8ece105bf', '2018-03-07 04:01:04', '2018-03-06 16:01:04');

-- ----------------------------
-- Table structure for `tb_token`
-- ----------------------------
DROP TABLE IF EXISTS `tb_token`;
CREATE TABLE `tb_token` (
  `user_id` bigint(20) NOT NULL,
  `token` varchar(100) NOT NULL COMMENT 'token',
  `expire_time` datetime DEFAULT NULL COMMENT '过期时间',
  `update_time` datetime DEFAULT NULL COMMENT '更新时间',
  PRIMARY KEY (`user_id`),
  UNIQUE KEY `token` (`token`)
) ENGINE=InnoDB DEFAULT CHARSET=utf8 COMMENT='用户Token';

-- ----------------------------
-- Records of tb_token
-- ----------------------------

-- ----------------------------
-- Table structure for `tb_user`
-- ----------------------------
DROP TABLE IF EXISTS `tb_user`;
CREATE TABLE `tb_user` (
  `user_id` bigint(20) NOT NULL AUTO_INCREMENT,
  `username` varchar(50) NOT NULL COMMENT '用户名',
  `mobile` varchar(20) NOT NULL COMMENT '手机号',
  `password` varchar(64) DEFAULT NULL COMMENT '密码',
  `create_time` datetime DEFAULT NULL COMMENT '创建时间',
  PRIMARY KEY (`user_id`),
  UNIQUE KEY `username` (`username`)
) ENGINE=InnoDB AUTO_INCREMENT=2 DEFAULT CHARSET=utf8 COMMENT='用户';

-- ----------------------------
-- Records of tb_user
-- ----------------------------
INSERT INTO `tb_user` VALUES ('1', 'apiadmin', '13812345678', '8c6976e5b5410415bde908bd4dee15dfb167a9c873fc4bb8a81f6f2ab448a918', '2017-03-23 22:37:41');
